{"initial": {"base": "Fe", "init_t": 1173.15, "D_0": 30.0, "e_deform": 0.9, "v_deform": 0.1, "chemComposition": {"C": 0.06, "Mn": 0.2, "Si": 0.03, "Mo": 0.001, "Ti": 0.002, "V": 0.001, "Nb": 0.001, "Zr": 0.0001, "Al": 0.002, "N": 0.001, "Fe": 99.70189999999998}, "lattice_type": "FCC", "max_step": 1000000.0, "r_init": 10.0, "d_tau": 100.0, "max_x": 1.0, "max_tau": 1000001.0, "tolerance": 1e-05}, "result": {"x_t": {"0.0": 0.13275873403619964, "100.0": 0.1960994415980407, "200.0": 0.251311358741265, "300.0": 0.3288134767153176, "400.0": 0.4386917191355365, "500.0": 0.5729979024802008, "600.0": 0.7124160754246402, "700.0": 0.8313561339029586, "800.0": 0.9120730804323179, "900.0": 0.9571281448757019, "1000.0": 0.9800885416354526, "1100.0": 0.9914273963597895, "1200.0": 0.996680183005243, "1300.0": 0.9988617569906204, "1400.0": 0.9996571547761528, "1500.0": 0.9999098176207339, "1600.0": 0.999979413393237, "1700.0": 0.999995949177838, "1800.0": 0.9999993177551169, "1900.0": 0.9999999023466701, "2000.0": 0.9999999882051799, "2100.0": 0.9999999988063882, "2200.0": 0.999999999899512, "2300.0": 0.9999999999930119, "2400.0": 0.9999999999996014, "2500.0": 0.9999999999999815, "2600.0": 0.9999999999999993, "2700.0": 1.0}, "growth_rates": {"0.0": {"Ti_C_N": 0.0, "Nb_C_N": 0.0, "Al_C_N": 0.0, "Zr_C_N": 0.0}, "100.0": {"Ti_C_N": 0.0, "Nb_C_N": 0.0, "Al_C_N": 0.0, "Zr_C_N": 0.0}, "200.0": {"Ti_C_N": 0.0, "Nb_C_N": 0.0, "Al_C_N": 0.0, "Zr_C_N": 0.0}, "300.0": {"Ti_C_N": 0.0, "Nb_C_N": 0.0, "Al_C_N": 0.0, "Zr_C_N": 0.0}, "400.0": {"Ti_C_N": 0.0, "Nb_C_N": 0.0, "Al_C_N": 0.0, "Zr_C_N": 0.0}, "500.0": {"Ti_C_N": 0.0, "Nb_C_N": 0.0, "Al_C_N": 0.0, "Zr_C_N": 0.0}, "600.0": {"Ti_C_N": 0.0, "Nb_C_N": 0.0, "Al_C_N": 0.0, "Zr_C_N": 0.0}, "700.0": {"Ti_C_N": 0.0, "Nb_C_N": 0.0, "Al_C_N": 0.0, "Zr_C_N": 0.0}, "800.0": {"Ti_C_N": 0.0, "Nb_C_N": 0.0, "Al_C_N": 0.0, "Zr_C_N": 0.0}, "900.0": {"Ti_C_N": 0.0, "Nb_C_N": 0.0, "Al_C_N": 0.0, "Zr_C_N": 0.0}, "1000.0": {"Ti_C_N": 0.0, "Nb_C_N": 0.0, "Al_C_N": 0.0, "Zr_C_N": 0.0}, "1100.0": {"Ti_C_N": 0.0, "Nb_C_N": 0.0, "Al_C_N": 0.0, "Zr_C_N": 0.0}, "1200.0": {"Ti_C_N": 0.0, "Nb_C_N": 0.0, "Al_C_N": 0.0, "Zr_C_N": 0.0}, "1300.0": {"Ti_C_N": 0.0, "Nb_C_N": 0.0, "Al_C_N": 0.0, "Zr_C_N": 0.0}, "1400.0": {"Ti_C_N": 0.0, "Nb_C_N": 0.0, "Al_C_N": 0.0, "Zr_C_N": 0.0}, "1500.0": {"Ti_C_N": 0.0, "Nb_C_N": 0.0, "Al_C_N": 0.0, "Zr_C_N": 0.0}, "1600.0": {"Ti_C_N": 0.0, "Nb_C_N": 0.0, "Al_C_N": 0.0, "Zr_C_N": 0.0}, "1700.0": {"Ti_C_N": 0.0, "Nb_C_N": 0.0, "Al_C_N": 0.0, "Zr_C_N": 0.0}, "1800.0": {"Ti_C_N": 0.0, "Nb_C_N": 0.0, "Al_C_N": 0.0, "Zr_C_N": 0.0}, "1900.0": {"Ti_C_N": 0.0, "Nb_C_N": 0.0, "Al_C_N": 0.0, "Zr_C_N": 0.0}, "2000.0": {"Ti_C_N": 0.0, "Nb_C_N": 0.0, "Al_C_N": 0.0, "Zr_C_N": 0.0}, "2100.0": {"Ti_C_N": 0.0, "Nb_C_N": 0.0, "Al_C_N": 0.0, "Zr_C_N": 0.0}, "2200.0": {"Ti_C_N": 0.0, "Nb_C_N": 0.0, "Al_C_N": 0.0, "Zr_C_N": 0.0}, "2300.0": {"Ti_C_N": 0.0, "Nb_C_N": 0.0, "Al_C_N": 0.0, "Zr_C_N": 0.0}, "2400.0": {"Ti_C_N": 0.0, "Nb_C_N": 0.0, "Al_C_N": 0.0, "Zr_C_N": 0.0}, "2500.0": {"Ti_C_N": 0.0, "Nb_C_N": 0.0, "Al_C_N": 0.0, "Zr_C_N": 0.0}, "2600.0": {"Ti_C_N": 0.0, "Nb_C_N": 0.0, "Al_C_N": 0.0, "Zr_C_N": 0.0}, "2700.0": {"Ti_C_N": 0.0, "Nb_C_N": 0.0, "Al_C_N": 0.0, "Zr_C_N": 0.0}}, "n_current": {"0.0": {"Ti_C_N": 0.0, "Nb_C_N": 0.0, "Al_C_N": 0.0, "Zr_C_N": 0.0}, "100.0": {"Ti_C_N": 0.0, "Nb_C_N": 0.0, "Al_C_N": 0.0, "Zr_C_N": 0.0}, "200.0": {"Ti_C_N": 0.0, "Nb_C_N": 0.0, "Al_C_N": 0.0, "Zr_C_N": 0.0}, "300.0": {"Ti_C_N": 0.0, "Nb_C_N": 0.0, "Al_C_N": 0.0, "Zr_C_N": 0.0}, "400.0": {"Ti_C_N": 0.0, "Nb_C_N": 0.0, "Al_C_N": 0.0, "Zr_C_N": 0.0}, "500.0": {"Ti_C_N": 0.0, "Nb_C_N": 0.0, "Al_C_N": 0.0, "Zr_C_N": 0.0}, "600.0": {"Ti_C_N": 0.0, "Nb_C_N": 0.0, "Al_C_N": 0.0, "Zr_C_N": 0.0}, "700.0": {"Ti_C_N": 0.0, "Nb_C_N": 0.0, "Al_C_N": 0.0, "Zr_C_N": 0.0}, "800.0": {"Ti_C_N": 0.0, "Nb_C_N": 0.0, "Al_C_N": 0.0, "Zr_C_N": 0.0}, "900.0": {"Ti_C_N": 0.0, "Nb_C_N": 0.0, "Al_C_N": 0.0, "Zr_C_N": 0.0}, "1000.0": {"Ti_C_N": 0.0, "Nb_C_N": 0.0, "Al_C_N": 0.0, "Zr_C_N": 0.0}, "1100.0": {"Ti_C_N": 0.0, "Nb_C_N": 0.0, "Al_C_N": 0.0, "Zr_C_N": 0.0}, "1200.0": {"Ti_C_N": 0.0, "Nb_C_N": 0.0, "Al_C_N": 0.0, "Zr_C_N": 0.0}, "1300.0": {"Ti_C_N": 0.0, "Nb_C_N": 0.0, "Al_C_N": 0.0, "Zr_C_N": 0.0}, "1400.0": {"Ti_C_N": 0.0, "Nb_C_N": 0.0, "Al_C_N": 0.0, "Zr_C_N": 0.0}, "1500.0": {"Ti_C_N": 0.0, "Nb_C_N": 0.0, "Al_C_N": 0.0, "Zr_C_N": 0.0}, "1600.0": {"Ti_C_N": 0.0, "Nb_C_N": 0.0, "Al_C_N": 0.0, "Zr_C_N": 0.0}, "1700.0": {"Ti_C_N": 0.0, "Nb_C_N": 0.0, "Al_C_N": 0.0, "Zr_C_N": 0.0}, "1800.0": {"Ti_C_N": 0.0, "Nb_C_N": 0.0, "Al_C_N": 0.0, "Zr_C_N": 0.0}, "1900.0": {"Ti_C_N": 0.0, "Nb_C_N": 0.0, "Al_C_N": 0.0, "Zr_C_N": 0.0}, "2000.0": {"Ti_C_N": 0.0, "Nb_C_N": 0.0, "Al_C_N": 0.0, "Zr_C_N": 0.0}, "2100.0": {"Ti_C_N": 0.0, "Nb_C_N": 0.0, "Al_C_N": 0.0, "Zr_C_N": 0.0}, "2200.0": {"Ti_C_N": 0.0, "Nb_C_N": 0.0, "Al_C_N": 0.0, "Zr_C_N": 0.0}, "2300.0": {"Ti_C_N": 0.0, "Nb_C_N": 0.0, "Al_C_N": 0.0, "Zr_C_N": 0.0}, "2400.0": {"Ti_C_N": 0.0, "Nb_C_N": 0.0, "Al_C_N": 0.0, "Zr_C_N": 0.0}, "2500.0": {"Ti_C_N": 0.0, "Nb_C_N": 0.0, "Al_C_N": 0.0, "Zr_C_N": 0.0}, "2600.0": {"Ti_C_N": 0.0, "Nb_C_N": 0.0, "Al_C_N": 0.0, "Zr_C_N": 0.0}, "2700.0": {"Ti_C_N": 0.0, "Nb_C_N": 0.0, "Al_C_N": 0.0, "Zr_C_N": 0.0}}, "r_current": {"0.0": {"Ti_C_N": 4.5514145963690163e-07, "Nb_C_N": 5.584938589211028e-07, "Al_C_N": 9.670883305740795e-06, "Zr_C_N": 1.1970179583308525e-07}, "100.0": {"Ti_C_N": 4.5514145963690163e-07, "Nb_C_N": 5.584938589211028e-07, "Al_C_N": 9.670883305740795e-06, "Zr_C_N": 1.1970179583308525e-07}, "200.0": {"Ti_C_N": 4.5514145963690163e-07, "Nb_C_N": 5.584938589211028e-07, "Al_C_N": 9.670883305740795e-06, "Zr_C_N": 1.1970179583308525e-07}, "300.0": {"Ti_C_N": 4.5514145963690163e-07, "Nb_C_N": 5.584938589211028e-07, "Al_C_N": 9.670883305740795e-06, "Zr_C_N": 1.1970179583308525e-07}, "400.0": {"Ti_C_N": 4.5514145963690163e-07, "Nb_C_N": 5.584938589211028e-07, "Al_C_N": 9.670883305740795e-06, "Zr_C_N": 1.1970179583308525e-07}, "500.0": {"Ti_C_N": 4.5514145963690163e-07, "Nb_C_N": 5.584938589211028e-07, "Al_C_N": 9.670883305740795e-06, "Zr_C_N": 1.1970179583308525e-07}, "600.0": {"Ti_C_N": 4.5514145963690163e-07, "Nb_C_N": 5.584938589211028e-07, "Al_C_N": 9.670883305740795e-06, "Zr_C_N": 1.1970179583308525e-07}, "700.0": {"Ti_C_N": 4.5514145963690163e-07, "Nb_C_N": 5.584938589211028e-07, "Al_C_N": 9.670883305740795e-06, "Zr_C_N": 1.1970179583308525e-07}, "800.0": {"Ti_C_N": 4.5514145963690163e-07, "Nb_C_N": 5.584938589211028e-07, "Al_C_N": 9.670883305740795e-06, "Zr_C_N": 1.1970179583308525e-07}, "900.0": {"Ti_C_N": 4.5514145963690163e-07, "Nb_C_N": 5.584938589211028e-07, "Al_C_N": 9.670883305740795e-06, "Zr_C_N": 1.1970179583308525e-07}, "1000.0": {"Ti_C_N": 4.5514145963690163e-07, "Nb_C_N": 5.584938589211028e-07, "Al_C_N": 9.670883305740795e-06, "Zr_C_N": 1.1970179583308525e-07}, "1100.0": {"Ti_C_N": 4.5514145963690163e-07, "Nb_C_N": 5.584938589211028e-07, "Al_C_N": 9.670883305740795e-06, "Zr_C_N": 1.1970179583308525e-07}, "1200.0": {"Ti_C_N": 4.5514145963690163e-07, "Nb_C_N": 5.584938589211028e-07, "Al_C_N": 9.670883305740795e-06, "Zr_C_N": 1.1970179583308525e-07}, "1300.0": {"Ti_C_N": 4.5514145963690163e-07, "Nb_C_N": 5.584938589211028e-07, "Al_C_N": 9.670883305740795e-06, "Zr_C_N": 1.1970179583308525e-07}, "1400.0": {"Ti_C_N": 4.5514145963690163e-07, "Nb_C_N": 5.584938589211028e-07, "Al_C_N": 9.670883305740795e-06, "Zr_C_N": 1.1970179583308525e-07}, "1500.0": {"Ti_C_N": 4.5514145963690163e-07, "Nb_C_N": 5.584938589211028e-07, "Al_C_N": 9.670883305740795e-06, "Zr_C_N": 1.1970179583308525e-07}, "1600.0": {"Ti_C_N": 4.5514145963690163e-07, "Nb_C_N": 5.584938589211028e-07, "Al_C_N": 9.670883305740795e-06, "Zr_C_N": 1.1970179583308525e-07}, "1700.0": {"Ti_C_N": 4.5514145963690163e-07, "Nb_C_N": 5.584938589211028e-07, "Al_C_N": 9.670883305740795e-06, "Zr_C_N": 1.1970179583308525e-07}, "1800.0": {"Ti_C_N": 4.5514145963690163e-07, "Nb_C_N": 5.584938589211028e-07,