{"initial": {"base": "Fe", "init_t": 1173.15, "D_0": 30.0, "e_deform": 0.9, "v_deform": 0.1, "chemComposition": {"C": 0.06, "Mn": 0.2, "Si": 0.03, "Mo": 0.001, "Ti": 0.002, "V": 0.001, "Nb": 0.001, "Zr": 0.0001, "Al": 0.002, "N": 0.001, "Fe": 99.70189999999998}, "lattice_type": "FCC", "max_step": 1000000.0, "r_init": 10.0, "d_tau": 100.0, "max_x": 1.0, "max_tau": 1000001.0, "tolerance": 1e-05}, "result": {"elements_consumption": {"Ti_C": 5.431079864501955e-06, "Nb_C": 1.1802005767822265e-05, "V_C": 2.02348455786705e-09, "Al_N": 0.00023185247091056272, "Zr_C": 3.233402967453003e-09, "Ti_N": 0.0005458740234375, "Nb_N": 0.0002503387451171875, "V_N": 3.6324560642242435e-07, "Zr_N": 8.80571746826172e-05}, "percents_of_compounds": {"Ti_C": 8.263748338793189, "Nb_C": 15.95206244436457, "V_C": 0.0029929428427826208, "Al_N": 20.732709553731805, "Zr_C": 0.004315026156021014, "Ti_N": 41.52849065700674, "Nb_N": 11.305087431316995, "V_N": 0.01817419404270352, "Zr_N": 2.192419411745201}, "carbides_mass": 2.01268025637605e-05, "nitrides_mass": 0.0014478299731361362, "elements_in_solution": {"C": 0.05999799228454911, "Mn": 0.2, "Si": 0.03, "Mo": 0.001, "Ti": 0.001448716163225077, "V": 0.0009996494053301985, "Nb": 0.0007378700807288362, "Zr": 1.1939767185036755e-05, "Al": 0.001768173485111918, "N": 0.000668665502338702, "Fe": 99.70189999999998}}}